{
  "schema_version": 1,
  "version": 53,
  "mode": "rebalance",
  "risk_level": 0.2000002599999997,
  "target_risk_exposure_pct_low": 0.2,
  "rebalance_buffer_pct": 0.02,
  "trade_gate_overrides": {
    "force_no_trade": false,
    "reason": null
  },
  "max_positions": 3,
  "rebalance_threshold": 0.02,
  "lastTrainedAt": "2026-03-13T19:55:15.731Z",
  "lastEquityDelta": -0.00999999999476131,
  "lastMetricsSummary": {
    "sampleCount": 353,
    "equityReturn": -9.99999999476131e-8,
    "equityVolatility": 4.6158434696089514e-8,
    "maxDrawdown": 6.99999789924393e-7,
    "avgCashUtilization": 0,
    "avgGrossExposureRatio": 0.000014957423685468116,
    "avgMaxPositionWeight": 0.000016005396045596454
  },
  "lastTrainingReason": "update"
}