{
  "generated_at": "2026-03-11T22:08:45.838571+00:00",
  "total_records": 18,
  "horizons": {
    "1": {
      "samples": 8,
      "avg_return": 0.006040224699268404,
      "avg_signed_return": 0.002405939319939876,
      "avg_excess_benchmark": -0.003634285379328528,
      "avg_excess_cash": 0.002405939319939876,
      "buy_hit_rate": 1.0,
      "sell_hit_rate": null,
      "beat_cash_rate": 0.5,
      "beat_benchmark_rate": 0.0,
      "no_action_samples": 11,
      "no_action_beats_benchmark_rate": 0.0,
      "no_action_missed_rate": 1.0
    },
    "5": {
      "samples": 8,
      "avg_return": 0.006219729803137258,
      "avg_signed_return": 0.003296181685491867,
      "avg_excess_benchmark": -0.0029235481176453915,
      "avg_excess_cash": 0.003296181685491867,
      "buy_hit_rate": 0.75,
      "sell_hit_rate": null,
      "beat_cash_rate": 0.375,
      "beat_benchmark_rate": 0.0,
      "no_action_samples": 11,
      "no_action_beats_benchmark_rate": 0.0,
      "no_action_missed_rate": 1.0
    },
    "20": {
      "samples": 3,
      "avg_return": -0.0006771414449645944,
      "avg_signed_return": -0.0006771414449645944,
      "avg_excess_benchmark": 0.0,
      "avg_excess_cash": -0.0006771414449645944,
      "buy_hit_rate": 0.3333333333333333,
      "sell_hit_rate": null,
      "beat_cash_rate": 0.3333333333333333,
      "beat_benchmark_rate": 0.0,
      "no_action_samples": 7,
      "no_action_beats_benchmark_rate": 1.0,
      "no_action_missed_rate": 0.0
    }
  }
}